Y;Cuenta;Mes;Ppag;Uso;DM;Sexo;Estc
buen;no;18;pre buen pagador;privado;1049;mujer;vive solo
buen;no;9;pre buen pagador;profesional;2799;hombre;no vive solo
buen;bad running;12;pre buen pagador;profesional;841;mujer;vive solo
buen;no;12;pre buen pagador;profesional;2122;hombre;no vive solo
buen;no;12;pre buen pagador;profesional;2171;hombre;no vive solo
buen;no;10;pre buen pagador;profesional;2241;hombre;no vive solo
buen;no;8;pre buen pagador;profesional;3398;hombre;no vive solo
buen;no;6;pre buen pagador;profesional;1361;hombre;no vive solo
buen;good running;18;pre buen pagador;privado;1098;mujer;vive solo
buen;bad running;24;pre buen pagador;privado;3758;mujer;vive solo
buen;no;11;pre buen pagador;profesional;3905;hombre;no vive solo
buen;no;30;pre buen pagador;privado;6187;mujer;no vive solo
buen;no;6;pre buen pagador;privado;1957;mujer;vive solo
buen;bad running;48;pre buen pagador;profesional;7582;hombre;no vive solo
buen;no;18;pre buen pagador;privado;1936;mujer;no vive solo
buen;no;6;pre buen pagador;privado;2647;hombre;no vive solo
buen;no;11;pre buen pagador;profesional;3939;hombre;no vive solo
buen;bad running;18;pre buen pagador;privado;3213;mujer;no vive solo
buen;bad running;36;pre buen pagador;privado;2337;hombre;no vive solo
buen;good running;11;pre buen pagador;profesional;7228;hombre;no vive solo
buen;no;6;pre buen pagador;profesional;3676;hombre;no vive solo
buen;bad running;12;pre buen pagador;profesional;3124;hombre;no vive solo
mal;bad running;36;pre buen pagador;privado;2384;hombre;no vive solo
buen;bad running;12;pre buen pagador;privado;1424;hombre;no vive solo
buen;no;6;pre buen pagador;profesional;4716;hombre;no vive solo
buen;bad running;11;pre buen pagador;privado;4771;hombre;no vive solo
buen;no;12;pre buen pagador;privado;652;mujer;vive solo
buen;bad running;9;pre buen pagador;privado;1154;hombre;no vive solo
buen;good running;15;pre buen pagador;profesional;3556;hombre;no vive solo
buen;bad running;42;pre buen pagador;privado;4796;hombre;no vive solo
buen;bad running;30;pre buen pagador;privado;3017;hombre;no vive solo
buen;good running;36;pre buen pagador;profesional;3535;hombre;no vive solo
buen;good running;36;pre buen pagador;profesional;6614;hombre;no vive solo
buen;good running;24;pre buen pagador;privado;1376;mujer;vive solo
buen;no;15;pre buen pagador;profesional;1721;hombre;no vive solo
buen;no;6;pre buen pagador;profesional;860;mujer;vive solo
buen;good running;12;pre buen pagador;profesional;1495;hombre;no vive solo
buen;good running;12;pre buen pagador;privado;1934;hombre;no vive solo
buen;good running;18;pre buen pagador;privado;3378;hombre;no vive solo
buen;good running;24;pre buen pagador;privado;3868;mujer;vive solo
buen;good running;12;pre buen pagador;privado;996;mujer;vive solo
buen;no;24;pre buen pagador;profesional;1755;mujer;vive solo
buen;good running;18;pre buen pagador;profesional;1028;mujer;vive solo
buen;bad running;24;pre buen pagador;profesional;2825;hombre;no vive solo
buen;bad running;18;pre buen pagador;privado;1239;hombre;no vive solo
mal;no;18;pre buen pagador;profesional;1216;mujer;vive solo
buen;good running;24;pre buen pagador;profesional;1258;hombre;no vive solo
mal;good running;18;pre buen pagador;privado;1864;mujer;vive solo
buen;good running;24;pre buen pagador;profesional;1474;mujer;no vive solo
buen;no;24;pre buen pagador;profesional;1382;hombre;no vive solo
buen;good running;12;pre buen pagador;profesional;640;hombre;vive solo
buen;bad running;36;pre buen pagador;privado;3919;hombre;no vive solo
buen;good running;9;pre buen pagador;profesional;1224;hombre;no vive solo
buen;good running;12;pre buen pagador;privado;2331;hombre;no vive solo
buen;good running;24;pre buen pagador;privado;6313;hombre;no vive solo
buen;no;12;pre buen pagador;privado;385;mujer;vive solo
buen;good running;12;pre buen pagador;privado;1655;hombre;no vive solo
buen;no;15;pre buen pagador;privado;1053;mujer;no vive solo
buen;good running;21;pre buen pagador;privado;3160;hombre;no vive solo
buen;good running;36;pre buen pagador;profesional;3079;hombre;no vive solo
buen;good running;12;pre buen pagador;profesional;1163;hombre;no vive solo
buen;good running;24;pre buen pagador;privado;2679;mujer;vive solo
buen;good running;48;pre buen pagador;privado;3578;hombre;no vive solo
buen;good running;36;pre buen pagador;profesional;10875;hombre;no vive solo
buen;no;12;pre buen pagador;profesional;1344;hombre;no vive solo
buen;good running;6;pre buen pagador;privado;1237;mujer;vive solo
buen;good running;12;pre buen pagador;privado;3077;hombre;no vive solo
buen;good running;24;pre buen pagador;privado;2284;hombre;no vive solo
buen;bad running;12;pre buen pagador;privado;1567;mujer;vive solo
buen;good running;24;pre buen pagador;profesional;2032;hombre;no vive solo
buen;bad running;21;pre buen pagador;privado;2745;hombre;no vive solo
buen;good running;30;pre buen pagador;privado;1867;hombre;no vive solo
buen;good running;36;pre buen pagador;privado;2299;hombre;no vive solo
buen;good running;24;pre buen pagador;privado;929;hombre;no vive solo
buen;bad running;12;pre buen pagador;privado;3399;hombre;no vive solo
buen;bad running;9;pre buen pagador;privado;2030;hombre;no vive solo
buen;good running;21;pre buen pagador;privado;3275;hombre;no vive solo
buen;good running;24;pre buen pagador;profesional;1940;hombre;no vive solo
buen;no;21;pre buen pagador;profesional;1602;mujer;no vive solo
buen;good running;15;pre buen pagador;privado;1979;hombre;no vive solo
buen;good running;24;pre buen pagador;profesional;2022;mujer;vive solo
buen;good running;36;pre buen pagador;privado;3342;hombre;no vive solo
buen;bad running;18;pre buen pagador;profesional;5866;hombre;no vive solo
buen;bad running;15;pre buen pagador;privado;2360;hombre;no vive solo
buen;good running;15;pre buen pagador;privado;1520;hombre;no vive solo
buen;no;12;pre buen pagador;profesional;3651;hombre;no vive solo
buen;good running;24;pre buen pagador;privado;2346;hombre;no vive solo
buen;good running;36;pre buen pagador;privado;4454;mujer;vive solo
buen;no;6;pre buen pagador;profesional;666;mujer;vive solo
buen;bad running;24;pre buen pagador;profesional;1965;mujer;vive solo
buen;bad running;12;pre buen pagador;profesional;1995;hombre;no vive solo
buen;bad running;30;pre buen pagador;privado;2991;mujer;vive solo
buen;bad running;30;pre mal pagador;profesional;4221;mujer;vive solo
buen;no;9;pre buen pagador;privado;1364;hombre;no vive solo
buen;bad running;18;pre buen pagador;privado;6361;hombre;no vive solo
buen;good running;27;pre buen pagador;privado;4526;hombre;no vive solo
buen;bad running;12;pre buen pagador;privado;3573;mujer;vive solo
mal;bad running;36;pre buen pagador;profesional;4455;hombre;vive solo
buen;no;9;pre buen pagador;privado;2136;hombre;no vive solo
buen;bad running;42;pre buen pagador;profesional;5954;mujer;vive solo
buen;good running;24;pre buen pagador;privado;3777;hombre;no vive solo
buen;no;15;pre buen pagador;profesional;806;mujer;vive solo
buen;bad running;24;pre buen pagador;profesional;4712;hombre;no vive solo
buen;bad running;36;pre buen pagador;profesional;7432;mujer;vive solo
buen;good running;24;pre buen pagador;privado;1851;mujer;no vive solo
buen;good running;24;pre buen pagador;profesional;1393;hombre;no vive solo
buen;good running;12;pre buen pagador;profesional;1412;mujer;vive solo
buen;good running;18;pre buen pagador;privado;1473;mujer;no vive solo
buen;good running;24;pre buen pagador;privado;1533;mujer;vive solo
buen;good running;12;pre buen pagador;privado;2012;mujer;vive solo
mal;no;15;pre buen pagador;profesional;3959;mujer;vive solo
buen;no;6;pre buen pagador;privado;428;mujer;vive solo
buen;bad running;12;pre buen pagador;profesional;2366;hombre;vive solo
buen;good running;12;pre buen pagador;privado;763;mujer;vive solo
buen;bad running;21;pre buen pagador;privado;3976;hombre;no vive solo
buen;bad running;18;pre buen pagador;profesional;6260;hombre;no vive solo
buen;bad running;9;pre buen pagador;privado;1919;hombre;no vive solo
buen;good running;24;pre buen pagador;privado;2603;mujer;vive solo
buen;good running;9;pre buen pagador;privado;936;hombre;no vive solo
buen;good running;24;pre buen pagador;privado;3062;hombre;no vive solo
buen;bad running;36;pre buen pagador;privado;4795;mujer;vive solo
buen;good running;36;pre buen pagador;privado;5842;hombre;no vive solo
buen;bad running;6;pre buen pagador;privado;2063;mujer;no vive solo
buen;good running;15;pre buen pagador;privado;1459;mujer;vive solo
buen;good running;15;pre buen pagador;privado;1213;hombre;no vive solo
buen;good running;24;pre buen pagador;privado;5103;mujer;no vive solo
buen;good running;15;pre buen pagador;privado;874;mujer;vive solo
buen;good running;6;pre buen pagador;privado;2978;hombre;no vive solo
buen;good running;18;pre buen pagador;profesional;1820;mujer;no vive solo
buen;good running;24;pre buen pagador;privado;2872;hombre;no vive solo
buen;bad running;24;pre buen pagador;privado;1925;hombre;no vive solo
buen;good running;18;pre buen pagador;privado;2515;hombre;no vive solo
buen;bad running;6;pre buen pagador;privado;2116;hombre;no vive solo
buen;good running;18;pre buen pagador;privado;1453;mujer;vive solo
buen;good running;10;pre buen pagador;profesional;1364;mujer;vive solo
buen;good running;6;pre buen pagador;privado;1543;hombre;vive solo
buen;bad running;12;pre buen pagador;profesional;1318;hombre;no vive solo
buen;no;24;pre mal pagador;profesional;2325;hombre;no vive solo
buen;bad running;6;pre buen pagador;privado;932;mujer;vive solo
buen;bad running;24;pre buen pagador;privado;3148;hombre;no vive solo
buen;good running;36;pre buen pagador;privado;3835;mujer;vive solo
buen;good running;9;pre buen pagador;privado;3832;hombre;no vive solo
buen;bad running;24;pre buen pagador;privado;5084;mujer;vive solo
buen;good running;9;pre buen pagador;privado;2406;hombre;no vive solo
buen;good running;36;pre buen pagador;privado;2394;mujer;vive solo
buen;good running;21;pre buen pagador;privado;2476;hombre;no vive solo
buen;no;24;pre buen pagador;privado;2964;hombre;no vive solo
buen;no;12;pre buen pagador;privado;1262;hombre;vive solo
buen;good running;12;pre buen pagador;profesional;1542;hombre;no vive solo
buen;bad running;24;pre buen pagador;privado;1743;hombre;no vive solo
buen;bad running;12;pre mal pagador;privado;409;mujer;vive solo
buen;good running;12;pre buen pagador;privado;2171;mujer;vive solo
buen;good running;48;pre buen pagador;privado;8858;hombre;no vive solo
buen;bad running;24;pre buen pagador;profesional;3512;hombre;no vive solo
buen;bad running;12;pre buen pagador;privado;1158;hombre;vive solo
buen;good running;24;pre buen pagador;privado;2684;hombre;no vive solo
buen;no;12;pre buen pagador;privado;1498;mujer;vive solo
buen;good running;30;pre buen pagador;privado;5954;hombre;no vive solo
mal;bad running;48;pre mal pagador;profesional;6416;mujer;vive solo
buen;bad running;12;pre buen pagador;privado;3617;hombre;no vive solo
buen;good running;12;pre buen pagador;privado;1291;mujer;vive solo
buen;bad running;24;pre buen pagador;profesional;1275;hombre;vive solo
buen;good running;24;pre buen pagador;privado;3972;mujer;vive solo
buen;good running;15;pre buen pagador;privado;3343;hombre;no vive solo
buen;bad running;15;pre buen pagador;privado;392;mujer;vive solo
buen;good running;9;pre buen pagador;profesional;2134;hombre;no vive solo
buen;good running;30;pre buen pagador;privado;5771;mujer;vive solo
buen;good running;24;pre buen pagador;profesional;4526;hombre;no vive solo
buen;good running;15;pre buen pagador;privado;2788;mujer;vive solo
buen;good running;6;pre buen pagador;privado;1382;mujer;vive solo
buen;bad running;36;pre buen pagador;privado;5848;hombre;no vive solo
mal;no;12;pre buen pagador;profesional;1228;mujer;vive solo
buen;bad running;12;pre buen pagador;privado;1297;mujer;no vive solo
buen;good running;24;pre buen pagador;privado;1552;hombre;no vive solo
buen;good running;12;pre buen pagador;privado;1963;hombre;no vive solo
buen;good running;24;pre buen pagador;privado;3235;hombre;vive solo
buen;good running;24;pre buen pagador;profesional;4139;hombre;no vive solo
buen;bad running;12;pre buen pagador;privado;1804;hombre;no vive solo
buen;good running;18;pre buen pagador;profesional;1950;hombre;no vive solo
buen;good running;48;pre buen pagador;privado;12749;hombre;no vive solo
buen;good running;9;pre buen pagador;privado;1236;mujer;vive solo
buen;good running;18;pre buen pagador;profesional;1055;mujer;vive solo
buen;no;30;pre mal pagador;profesional;8072;hombre;no vive solo
buen;good running;30;pre buen pagador;privado;2831;mujer;vive solo
buen;good running;9;pre buen pagador;profesional;1449;mujer;vive solo
buen;good running;36;pre buen pagador;profesional;5742;hombre;no vive solo
buen;good running;12;pre buen pagador;profesional;2390;hombre;no vive solo
buen;good running;24;pre buen pagador;privado;3430;hombre;no vive solo
buen;bad running;36;pre buen pagador;privado;2273;hombre;no vive solo
buen;bad running;21;pre buen pagador;profesional;2923;mujer;vive solo
buen;good running;24;pre buen pagador;privado;1901;hombre;no vive solo
buen;bad running;36;pre buen pagador;privado;3711;mujer;no vive solo
buen;bad running;48;pre buen pagador;profesional;8487;mujer;vive solo
buen;good running;24;pre buen pagador;profesional;2255;hombre;no vive solo
buen;good running;12;pre buen pagador;privado;1262;hombre;no vive solo
buen;good running;33;pre buen pagador;privado;7253;hombre;no vive solo
buen;good running;6;pre buen pagador;profesional;6761;hombre;no vive solo
buen;good running;18;pre buen pagador;privado;1817;mujer;vive solo
buen;good running;12;pre buen pagador;privado;2141;hombre;no vive solo
buen;good running;48;pre mal pagador;profesional;3609;mujer;vive solo
buen;good running;30;pre buen pagador;privado;2333;hombre;no vive solo
buen;good running;28;pre mal pagador;privado;7824;hombre;no vive solo
buen;bad running;18;pre mal pagador;privado;1445;hombre;no vive solo
buen;no;24;pre buen pagador;privado;7721;mujer;vive solo
buen;no;21;pre buen pagador;profesional;3763;hombre;no vive solo
buen;bad running;18;pre buen pagador;profesional;4439;hombre;no vive solo
buen;no;12;pre buen pagador;privado;1107;hombre;no vive solo
buen;bad running;15;pre buen pagador;privado;1444;hombre;no vive solo
buen;bad running;48;pre mal pagador;profesional;12169;hombre;no vive solo
buen;good running;9;pre buen pagador;privado;2753;hombre;no vive solo
buen;bad running;4;pre buen pagador;profesional;1494;hombre;no vive solo
buen;no;24;pre mal pagador;privado;2828;hombre;no vive solo
buen;no;24;pre mal pagador;privado;2483;hombre;no vive solo
buen;bad running;6;pre buen pagador;profesional;1299;hombre;no vive solo
buen;bad running;9;pre buen pagador;profesional;1549;hombre;no vive solo
buen;bad running;10;pre buen pagador;profesional;3949;hombre;no vive solo
buen;good running;10;pre buen pagador;privado;2901;mujer;vive solo
buen;bad running;6;pre buen pagador;profesional;709;mujer;no vive solo
buen;no;47;pre buen pagador;profesional;10722;mujer;vive solo
buen;good running;10;pre buen pagador;profesional;1287;hombre;no vive solo
buen;no;18;pre mal pagador;privado;1940;hombre;no vive solo
buen;bad running;30;pre buen pagador;privado;3656;hombre;no vive solo
buen;good running;24;pre buen pagador;privado;4679;hombre;no vive solo
buen;good running;27;pre buen pagador;privado;8613;hombre;no vive solo
buen;no;18;pre buen pagador;privado;2659;hombre;no vive solo
buen;good running;24;pre buen pagador;privado;1516;mujer;vive solo
buen;no;18;pre buen pagador;profesional;4380;hombre;no vive solo
buen;good running;14;pre buen pagador;profesional;802;hombre;no vive solo
buen;good running;21;pre buen pagador;profesional;1572;mujer;vive solo
buen;bad running;48;pre mal pagador;profesional;3566;hombre;no vive solo
buen;good running;24;pre buen pagador;privado;1278;hombre;no vive solo
buen;good running;6;pre mal pagador;privado;426;mujer;no vive solo
buen;good running;39;pre buen pagador;privado;8588;hombre;no vive solo
buen;no;30;pre buen pagador;privado;3857;hombre;vive solo
mal;bad running;12;pre buen pagador;profesional;685;mujer;no vive solo
buen;no;24;pre buen pagador;privado;1603;mujer;vive solo
buen;good running;21;pre buen pagador;privado;2241;hombre;no vive solo
buen;no;24;pre buen pagador;privado;2384;hombre;no vive solo
buen;good running;4;pre buen pagador;privado;601;mujer;vive solo
buen;good running;39;pre buen pagador;privado;2569;hombre;no vive solo
buen;good running;15;pre buen pagador;privado;1316;mujer;no vive solo
buen;good running;60;pre buen pagador;profesional;10366;hombre;no vive solo
buen;good running;18;pre buen pagador;profesional;1568;mujer;vive solo
buen;good running;18;pre buen pagador;privado;629;hombre;no vive solo
buen;good running;6;pre mal pagador;privado;1750;hombre;no vive solo
buen;good running;24;pre buen pagador;privado;3488;mujer;vive solo
buen;good running;18;pre buen pagador;privado;1800;hombre;no vive solo
buen;good running;24;pre buen pagador;privado;4151;hombre;no vive solo
buen;bad running;15;pre buen pagador;privado;2631;mujer;vive solo
buen;good running;21;pre buen pagador;privado;5248;hombre;no vive solo
buen;bad running;18;pre buen pagador;profesional;2899;hombre;no vive solo
buen;bad running;18;pre buen pagador;privado;6204;hombre;no vive solo
buen;good running;12;pre buen pagador;privado;804;hombre;no vive solo
buen;good running;36;pre buen pagador;privado;3595;hombre;no vive solo
buen;good running;36;pre buen pagador;privado;5711;hombre;no vive solo
buen;bad running;15;pre buen pagador;profesional;2687;hombre;no vive solo
buen;no;15;pre buen pagador;privado;3643;mujer;vive solo
buen;good running;10;pre buen pagador;privado;2146;mujer;vive solo
buen;no;10;pre buen pagador;privado;2315;hombre;no vive solo
buen;good running;5;pre buen pagador;profesional;3448;hombre;no vive solo
buen;good running;15;pre buen pagador;privado;2708;hombre;no vive solo
buen;good running;11;pre buen pagador;profesional;1393;mujer;vive solo
buen;bad running;10;pre buen pagador;privado;1275;mujer;vive solo
buen;good running;9;pre buen pagador;privado;1313;hombre;no vive solo
buen;good running;12;pre buen pagador;privado;1493;mujer;vive solo
buen;good running;22;pre buen pagador;privado;2675;hombre;no vive solo
buen;bad running;9;pre buen pagador;privado;2118;hombre;no vive solo
buen;good running;36;pre buen pagador;profesional;909;hombre;no vive solo
buen;good running;12;pre buen pagador;privado;1258;mujer;vive solo
buen;good running;15;pre mal pagador;privado;1569;hombre;no vive solo
buen;good running;6;pre buen pagador;privado;1236;hombre;no vive solo
buen;good running;36;pre buen pagador;privado;7678;mujer;vive solo
buen;good running;6;pre buen pagador;privado;660;mujer;no vive solo
buen;good running;24;pre buen pagador;privado;2835;hombre;no vive solo
buen;good running;24;pre buen pagador;privado;2670;hombre;no vive solo
buen;good running;12;pre mal pagador;privado;3447;mujer;vive solo
buen;good running;15;pre buen pagador;privado;3568;mujer;vive solo
buen;bad running;21;pre buen pagador;profesional;3652;hombre;no vive solo
buen;no;24;pre buen pagador;privado;3660;mujer;vive solo
buen;bad running;9;pre buen pagador;privado;1126;hombre;vive solo
buen;bad running;6;pre buen pagador;privado;683;mujer;vive solo
buen;bad running;12;pre buen pagador;privado;2251;mujer;vive solo
buen;good running;12;pre buen pagador;privado;4675;mujer;vive solo
buen;bad running;21;pre buen pagador;profesional;2353;hombre;vive solo
buen;no;21;pre buen pagador;privado;3357;mujer;vive solo
buen;good running;6;pre buen pagador;profesional;672;mujer;vive solo
buen;no;6;pre buen pagador;privado;338;hombre;no vive solo
buen;good running;9;pre buen pagador;privado;2697;hombre;no vive solo
buen;good running;9;pre buen pagador;profesional;2507;hombre;no vive solo
buen;good running;15;pre buen pagador;privado;1478;mujer;no vive solo
buen;good running;12;pre buen pagador;privado;3565;hombre;no vive solo
buen;good running;15;pre buen pagador;privado;2221;mujer;vive solo
buen;good running;6;pre buen pagador;privado;1898;hombre;no vive solo
buen;bad running;6;pre buen pagador;profesional;1449;hombre;vive solo
buen;good running;15;pre buen pagador;privado;960;mujer;vive solo
buen;good running;36;pre buen pagador;privado;8133;mujer;vive solo
buen;good running;9;pre buen pagador;privado;2301;mujer;vive solo
buen;good running;6;pre buen pagador;profesional;1743;hombre;no vive solo
buen;bad running;12;pre buen pagador;privado;983;mujer;vive solo
buen;good running;18;pre buen pagador;privado;2320;mujer;no vive solo
buen;no;12;pre mal pagador;privado;339;mujer;no vive solo
buen;bad running;24;pre buen pagador;privado;5152;hombre;no vive solo
buen;bad running;24;pre buen pagador;privado;3749;mujer;vive solo
buen;good running;9;pre buen pagador;privado;3074;hombre;no vive solo
mal;bad running;9;pre buen pagador;privado;745;mujer;vive solo
buen;good running;24;pre buen pagador;profesional;1469;mujer;no vive solo
buen;no;6;pre buen pagador;privado;1374;hombre;no vive solo
buen;good running;6;pre mal pagador;profesional;783;hombre;no vive solo
buen;no;21;pre buen pagador;privado;2606;mujer;vive solo
buen;good running;54;pre mal pagador;privado;9436;hombre;no vive solo
buen;good running;12;pre buen pagador;privado;930;hombre;no vive solo
buen;good running;48;pre buen pagador;privado;2751;hombre;no vive solo
buen;good running;6;pre buen pagador;profesional;250;mujer;vive solo
buen;bad running;24;pre buen pagador;profesional;1201;hombre;no vive solo
buen;no;6;pre buen pagador;profesional;662;hombre;no vive solo
buen;good running;15;pre buen pagador;privado;1300;hombre;no vive solo
buen;good running;24;pre mal pagador;profesional;1559;hombre;no vive solo
buen;bad running;12;pre buen pagador;privado;3016;mujer;no vive solo
buen;good running;15;pre buen pagador;privado;1360;hombre;no vive solo
buen;good running;6;pre mal pagador;profesional;1204;hombre;no vive solo
buen;good running;10;pre buen pagador;profesional;1597;hombre;no vive solo
buen;good running;12;pre buen pagador;privado;2073;mujer;vive solo
buen;good running;11;pre buen pagador;profesional;2142;hombre;vive solo
buen;no;10;pre buen pagador;privado;2132;mujer;vive solo
buen;good running;10;pre buen pagador;profesional;1546;hombre;no vive solo
buen;good running;24;pre buen pagador;profesional;1287;mujer;vive solo
buen;good running;10;pre buen pagador;profesional;1418;hombre;no vive solo
buen;bad running;6;pre buen pagador;profesional;1343;hombre;no vive solo
buen;good running;18;pre buen pagador;profesional;2662;hombre;no vive solo
buen;good running;18;pre buen pagador;privado;6070;hombre;no vive solo
buen;good running;24;pre buen pagador;privado;1927;mujer;vive solo
buen;good running;18;pre buen pagador;privado;2404;mujer;vive solo
buen;good running;6;pre buen pagador;privado;1554;mujer;vive solo
buen;good running;22;pre buen pagador;profesional;1283;mujer;vive solo
buen;good running;24;pre buen pagador;profesional;717;mujer;no vive solo
buen;no;24;pre buen pagador;privado;1747;hombre;no vive solo
buen;no;9;pre buen pagador;privado;1288;hombre;no vive solo
buen;no;10;pre buen pagador;profesional;1038;hombre;no vive solo
buen;good running;10;pre buen pagador;privado;2848;hombre;no vive solo
buen;good running;12;pre buen pagador;privado;1413;hombre;no vive solo
buen;good running;30;pre buen pagador;privado;3077;hombre;no vive solo
buen;no;24;pre mal pagador;privado;3632;mujer;vive solo
buen;good running;18;pre buen pagador;privado;3229;hombre;no vive solo
buen;good running;9;pre buen pagador;profesional;3577;hombre;no vive solo
buen;good running;12;pre buen pagador;profesional;682;mujer;vive solo
buen;good running;10;pre buen pagador;privado;1924;hombre;no vive solo
buen;good running;10;pre buen pagador;privado;727;hombre;no vive solo
buen;bad running;10;pre buen pagador;profesional;781;hombre;no vive solo
buen;no;12;pre buen pagador;profesional;2121;hombre;no vive solo
buen;good running;12;pre buen pagador;privado;701;hombre;no vive solo
buen;good running;10;pre buen pagador;privado;2069;mujer;no vive solo
buen;good running;24;pre buen pagador;profesional;1525;mujer;vive solo
buen;good running;48;pre buen pagador;profesional;7629;hombre;vive solo
mal;no;12;pre buen pagador;profesional;3499;mujer;vive solo
buen;good running;6;pre buen pagador;privado;1346;hombre;no vive solo
buen;good running;36;pre buen pagador;privado;10477;hombre;no vive solo
buen;no;24;pre buen pagador;privado;2924;hombre;no vive solo
buen;good running;10;pre buen pagador;profesional;1231;hombre;no vive solo
buen;bad running;18;pre buen pagador;profesional;1961;mujer;vive solo
buen;good running;15;pre buen pagador;profesional;5045;mujer;vive solo
buen;good running;12;pre buen pagador;profesional;1255;hombre;no vive solo
buen;no;12;pre buen pagador;privado;1858;mujer;vive solo
buen;good running;6;pre buen pagador;privado;1221;mujer;no vive solo
buen;good running;9;pre buen pagador;privado;1388;mujer;vive solo
buen;good running;12;pre buen pagador;privado;2279;hombre;no vive solo
buen;good running;12;pre mal pagador;privado;2759;hombre;no vive solo
buen;bad running;24;pre buen pagador;privado;1258;mujer;vive solo
buen;bad running;12;pre mal pagador;privado;1410;hombre;no vive solo
buen;no;15;pre buen pagador;profesional;1403;mujer;vive solo
buen;no;24;pre buen pagador;privado;3021;hombre;vive solo
buen;no;24;pre buen pagador;profesional;6568;mujer;no vive solo
buen;good running;24;pre buen pagador;privado;2578;hombre;no vive solo
buen;bad running;24;pre buen pagador;privado;7758;mujer;vive solo
buen;no;6;pre buen pagador;privado;343;mujer;vive solo
buen;good running;21;pre buen pagador;privado;1591;hombre;no vive solo
buen;no;27;pre buen pagador;privado;3416;hombre;no vive solo
mal;no;12;pre mal pagador;privado;1108;hombre;no vive solo
buen;bad running;27;pre buen pagador;privado;5965;hombre;no vive solo
buen;bad running;15;pre buen pagador;privado;1514;hombre;no vive solo
buen;good running;30;pre buen pagador;privado;6742;hombre;no vive solo
buen;no;18;pre buen pagador;privado;3650;mujer;vive solo
buen;no;21;pre buen pagador;privado;3599;mujer;vive solo
buen;good running;60;pre buen pagador;profesional;13756;hombre;no vive solo
buen;bad running;9;pre buen pagador;profesional;276;mujer;no vive solo
buen;good running;42;pre buen pagador;privado;4041;hombre;no vive solo
buen;bad running;9;pre buen pagador;privado;458;hombre;no vive solo
mal;bad running;9;pre buen pagador;privado;918;mujer;vive solo
buen;good running;24;pre buen pagador;profesional;7393;hombre;no vive solo
buen;bad running;10;pre buen pagador;privado;1225;hombre;no vive solo
buen;no;24;pre buen pagador;privado;2812;mujer;vive solo
buen;good running;15;pre buen pagador;privado;3029;hombre;no vive solo
buen;bad running;12;pre buen pagador;profesional;1480;hombre;no vive solo
buen;bad running;6;pre buen pagador;privado;1047;mujer;vive solo
buen;good running;15;pre buen pagador;privado;1471;hombre;no vive solo
buen;good running;24;pre buen pagador;privado;5511;hombre;no vive solo
buen;bad running;9;pre buen pagador;privado;1206;mujer;vive solo
buen;bad running;24;pre buen pagador;privado;6403;hombre;no vive solo
buen;good running;12;pre buen pagador;privado;707;hombre;no vive solo
buen;good running;12;pre buen pagador;privado;1503;mujer;no vive solo
buen;bad running;12;pre buen pagador;profesional;6078;hombre;no vive solo
buen;bad running;27;pre buen pagador;profesional;2528;mujer;vive solo
buen;bad running;12;pre buen pagador;profesional;1037;hombre;no vive solo
buen;no;6;pre buen pagador;privado;1352;mujer;vive solo
buen;good running;24;pre buen pagador;privado;3181;mujer;vive solo
buen;good running;18;pre buen pagador;privado;4594;hombre;no vive solo
buen;bad running;48;pre buen pagador;profesional;5381;hombre;no vive solo
buen;good running;15;pre buen pagador;privado;4657;hombre;no vive solo
buen;bad running;9;pre buen pagador;profesional;1391;mujer;no vive solo
buen;bad running;18;pre buen pagador;profesional;1913;mujer;no vive solo
buen;good running;42;pre buen pagador;privado;7166;mujer;no vive solo
buen;good running;13;pre buen pagador;privado;1409;mujer;vive solo
buen;good running;24;pre buen pagador;profesional;2978;hombre;no vive solo
buen;good running;12;pre buen pagador;privado;976;hombre;no vive solo
buen;good running;24;pre buen pagador;profesional;2375;hombre;no vive solo
buen;good running;12;pre buen pagador;privado;522;hombre;no vive solo
buen;good running;28;pre buen pagador;privado;2743;hombre;no vive solo
buen;good running;11;pre buen pagador;privado;1154;mujer;vive solo
buen;good running;24;pre buen pagador;privado;5804;hombre;no vive solo
buen;good running;18;pre buen pagador;privado;1169;hombre;no vive solo
buen;no;15;pre buen pagador;privado;1478;hombre;no vive solo
buen;good running;12;pre buen pagador;privado;776;mujer;no vive solo
buen;bad running;11;pre buen pagador;profesional;1322;mujer;vive solo
buen;bad running;16;pre buen pagador;profesional;1175;hombre;no vive solo
buen;good running;12;pre buen pagador;profesional;2133;mujer;vive solo
buen;good running;15;pre buen pagador;privado;1829;hombre;no vive solo
buen;good running;12;pre buen pagador;privado;717;hombre;no vive solo
buen;bad running;39;pre buen pagador;privado;11760;hombre;no vive solo
mal;bad running;9;pre buen pagador;privado;1501;mujer;vive solo
buen;no;12;pre buen pagador;privado;1200;mujer;vive solo
buen;bad running;9;pre buen pagador;profesional;3195;mujer;vive solo
buen;good running;30;pre buen pagador;privado;4530;mujer;vive solo
mal;good running;12;pre buen pagador;privado;1555;hombre;no vive solo
buen;bad running;15;pre buen pagador;profesional;2326;hombre;no vive solo
buen;bad running;18;pre buen pagador;profesional;1887;mujer;no vive solo
buen;good running;12;pre buen pagador;profesional;1264;hombre;no vive solo
buen;good running;7;pre buen pagador;privado;846;hombre;no vive solo
buen;good running;15;pre buen pagador;privado;1532;mujer;vive solo
buen;good running;6;pre buen pagador;privado;935;mujer;vive solo
buen;no;27;pre buen pagador;profesional;2442;hombre;no vive solo
buen;bad running;18;pre buen pagador;profesional;3590;mujer;no vive solo
buen;good running;21;pre buen pagador;privado;2288;mujer;vive solo
buen;good running;27;pre buen pagador;profesional;5117;hombre;no vive solo
buen;no;39;pre buen pagador;privado;14179;hombre;no vive solo
buen;good running;15;pre buen pagador;privado;1386;mujer;no vive solo
buen;good running;12;pre buen pagador;privado;618;hombre;no vive solo
buen;good running;12;pre buen pagador;privado;1574;hombre;no vive solo
buen;good running;6;pre buen pagador;privado;700;hombre;no vive solo
buen;good running;12;pre buen pagador;privado;886;mujer;vive solo
buen;good running;36;pre buen pagador;privado;4686;hombre;no vive solo
buen;bad running;9;pre buen pagador;privado;790;mujer;vive solo
mal;bad running;12;pre buen pagador;privado;766;hombre;no vive solo
buen;no;20;pre buen pagador;privado;2212;hombre;no vive solo
buen;bad running;10;pre buen pagador;profesional;7308;hombre;no vive solo
buen;bad running;24;pre buen pagador;privado;5743;mujer;vive solo
buen;no;14;pre buen pagador;profesional;3973;hombre;no vive solo
buen;bad running;60;pre buen pagador;privado;7418;hombre;no vive solo
buen;bad running;20;pre buen pagador;profesional;2629;hombre;no vive solo
buen;bad running;18;pre buen pagador;profesional;1941;hombre;no vive solo
buen;bad running;24;pre buen pagador;privado;2333;hombre;no vive solo
buen;good running;12;pre buen pagador;privado;2445;mujer;no vive solo
buen;bad running;20;pre buen pagador;privado;6468;hombre;vive solo
buen;bad running;18;pre buen pagador;privado;7374;hombre;no vive solo
buen;good running;15;pre buen pagador;privado;3812;mujer;vive solo
mal;no;28;pre buen pagador;profesional;4006;hombre;no vive solo
buen;bad running;12;pre buen pagador;profesional;7472;mujer;vive solo
buen;bad running;12;pre buen pagador;privado;1424;mujer;vive solo
buen;bad running;12;pre buen pagador;privado;2028;hombre;no vive solo
buen;good running;15;pre buen pagador;profesional;5324;mujer;vive solo
buen;bad running;36;pre buen pagador;privado;2323;hombre;no vive solo
buen;good running;12;pre buen pagador;privado;1393;hombre;no vive solo
buen;good running;18;pre buen pagador;privado;1984;hombre;no vive solo
buen;good running;24;pre buen pagador;privado;999;hombre;no vive solo
buen;good running;36;pre buen pagador;profesional;7409;hombre;no vive solo
buen;good running;15;pre buen pagador;privado;2186;mujer;vive solo
buen;bad running;36;pre buen pagador;privado;4473;hombre;no vive solo
buen;good running;24;pre buen pagador;privado;937;mujer;no vive solo
buen;good running;18;pre buen pagador;privado;3422;hombre;no vive solo
buen;good running;24;pre buen pagador;privado;3105;hombre;no vive solo
buen;good running;12;pre buen pagador;privado;2748;mujer;vive solo
buen;bad running;18;pre buen pagador;privado;3872;mujer;vive solo
buen;good running;27;pre buen pagador;privado;5190;hombre;no vive solo
buen;bad running;18;pre buen pagador;privado;3001;mujer;vive solo
buen;good running;24;pre buen pagador;profesional;3863;hombre;no vive solo
buen;good running;12;pre buen pagador;privado;5801;hombre;no vive solo
buen;good running;12;pre buen pagador;privado;1592;mujer;vive solo
buen;good running;12;pre buen pagador;profesional;1185;mujer;vive solo
buen;good running;18;pre buen pagador;privado;3780;hombre;vive solo
buen;bad running;18;pre buen pagador;privado;3612;mujer;vive solo
buen;good running;12;pre buen pagador;profesional;1076;mujer;no vive solo
buen;good running;12;pre buen pagador;profesional;3527;hombre;no vive solo
buen;good running;18;pre buen pagador;privado;2051;hombre;no vive solo
buen;good running;12;pre buen pagador;privado;3331;hombre;no vive solo
buen;no;18;pre mal pagador;profesional;3104;hombre;no vive solo
buen;good running;24;pre buen pagador;privado;2611;mujer;no vive solo
buen;no;12;pre buen pagador;privado;1409;hombre;no vive solo
buen;good running;24;pre buen pagador;privado;1311;mujer;no vive solo
buen;good running;6;pre buen pagador;privado;2108;mujer;no vive solo
buen;good running;24;pre buen pagador;privado;4042;hombre;no vive solo
buen;good running;12;pre buen pagador;profesional;926;mujer;vive solo
buen;no;12;pre buen pagador;privado;1680;mujer;no vive solo
buen;good running;24;pre buen pagador;profesional;1249;mujer;no vive solo
buen;good running;24;pre buen pagador;profesional;2463;mujer;no vive solo
buen;good running;6;pre buen pagador;privado;1595;hombre;no vive solo
buen;good running;24;pre buen pagador;privado;2058;hombre;vive solo
buen;good running;24;pre buen pagador;privado;7814;hombre;no vive solo
buen;good running;6;pre buen pagador;privado;1740;mujer;no vive solo
buen;good running;12;pre buen pagador;privado;1240;mujer;vive solo
buen;good running;24;pre buen pagador;privado;6842;hombre;no vive solo
buen;good running;24;pre buen pagador;privado;5150;hombre;no vive solo
buen;no;6;pre buen pagador;profesional;1203;hombre;no vive solo
buen;good running;6;pre buen pagador;profesional;2080;mujer;no vive solo
buen;good running;6;pre buen pagador;privado;1538;mujer;vive solo
buen;bad running;24;pre buen pagador;profesional;3878;hombre;vive solo
buen;bad running;30;pre buen pagador;privado;3832;mujer;no vive solo
buen;good running;15;pre buen pagador;profesional;3186;mujer;vive solo
buen;bad running;24;pre buen pagador;privado;2896;hombre;no vive solo
buen;bad running;24;pre buen pagador;profesional;6967;hombre;no vive solo
mal;good running;36;pre buen pagador;privado;1819;hombre;no vive solo
mal;good running;24;pre buen pagador;privado;5943;mujer;vive solo
mal;good running;36;pre buen pagador;privado;7127;mujer;vive solo
mal;good running;36;pre buen pagador;privado;3349;mujer;vive solo
mal;good running;36;pre buen pagador;privado;10974;mujer;vive solo
buen;good running;6;pre buen pagador;privado;518;mujer;vive solo
buen;good running;18;pre buen pagador;privado;1126;mujer;vive solo
buen;bad running;12;pre buen pagador;privado;1860;hombre;no vive solo
buen;good running;36;pre buen pagador;privado;9566;mujer;vive solo
buen;no;12;pre buen pagador;privado;701;mujer;no vive solo
buen;bad running;12;pre buen pagador;privado;2930;mujer;vive solo
buen;good running;18;pre buen pagador;privado;1505;hombre;no vive solo
buen;good running;18;pre buen pagador;privado;2238;mujer;vive solo
buen;good running;4;pre buen pagador;privado;1503;hombre;no vive solo
buen;good running;24;pre buen pagador;privado;2197;hombre;no vive solo
buen;bad running;12;pre buen pagador;privado;1881;mujer;vive solo
buen;no;18;pre buen pagador;privado;1880;mujer;no vive solo
buen;no;18;pre buen pagador;privado;2389;mujer;vive solo
buen;bad running;24;pre buen pagador;privado;1967;mujer;vive solo
buen;good running;4;pre buen pagador;profesional;3380;mujer;vive solo
buen;good running;4;pre buen pagador;profesional;1455;hombre;no vive solo
buen;good running;7;pre buen pagador;privado;730;hombre;no vive solo
buen;bad running;18;pre mal pagador;privado;3244;mujer;vive solo
mal;bad running;9;pre buen pagador;privado;1670;mujer;vive solo
buen;bad running;48;pre buen pagador;privado;3979;hombre;no vive solo
mal;bad running;12;pre buen pagador;privado;1922;hombre;no vive solo
buen;bad running;18;pre buen pagador;privado;1295;mujer;vive solo
buen;good running;4;pre buen pagador;privado;1544;hombre;no vive solo
buen;bad running;8;pre buen pagador;profesional;907;mujer;no vive solo
buen;bad running;30;pre buen pagador;privado;1715;mujer;vive solo
buen;bad running;10;pre buen pagador;privado;1347;hombre;no vive solo
buen;bad running;12;pre buen pagador;profesional;1007;mujer;no vive solo
buen;good running;12;pre buen pagador;privado;1402;mujer;vive solo
buen;bad running;12;pre buen pagador;profesional;2002;hombre;no vive solo
buen;good running;12;pre buen pagador;privado;2096;hombre;no vive solo
buen;good running;12;pre buen pagador;profesional;1101;mujer;no vive solo
buen;good running;10;pre buen pagador;privado;894;mujer;vive solo
buen;bad running;11;pre buen pagador;privado;1577;mujer;vive solo
buen;good running;33;pre buen pagador;profesional;2764;mujer;vive solo
buen;bad running;48;pre mal pagador;profesional;8358;mujer;vive solo
buen;bad running;12;pre buen pagador;privado;1474;mujer;vive solo
buen;good running;24;pre buen pagador;privado;5433;mujer;vive solo
buen;bad running;14;pre buen pagador;profesional;1410;mujer;no vive solo
buen;good running;20;pre buen pagador;profesional;3485;hombre;vive solo
buen;good running;18;pre buen pagador;privado;3850;hombre;no vive solo
mal;bad running;60;pre buen pagador;profesional;7408;mujer;vive solo
buen;bad running;24;pre buen pagador;privado;1377;mujer;vive solo
buen;good running;30;pre buen pagador;profesional;4272;hombre;no vive solo
buen;bad running;24;pre buen pagador;privado;1553;mujer;vive solo
buen;bad running;36;pre buen pagador;profesional;9857;hombre;no vive solo
buen;good running;6;pre buen pagador;profesional;362;mujer;vive solo
buen;good running;12;pre buen pagador;privado;1935;hombre;no vive solo
buen;good running;48;pre buen pagador;privado;10222;hombre;no vive solo
buen;bad running;12;pre buen pagador;profesional;1330;hombre;no vive solo
buen;good running;36;pre buen pagador;privado;9055;hombre;no vive solo
buen;bad running;26;pre buen pagador;privado;7966;hombre;no vive solo
buen;bad running;30;pre mal pagador;privado;3496;hombre;no vive solo
buen;bad running;36;pre buen pagador;privado;6948;hombre;no vive solo
buen;bad running;48;pre mal pagador;profesional;12204;hombre;no vive solo
mal;no;36;pre buen pagador;privado;3446;hombre;no vive solo
mal;no;12;pre buen pagador;privado;684;hombre;no vive solo
mal;no;33;pre buen pagador;privado;4281;mujer;vive solo
mal;no;42;pre buen pagador;privado;7174;mujer;vive solo
mal;no;24;pre mal pagador;privado;1546;hombre;no vive solo
mal;no;24;pre buen pagador;privado;2359;hombre;vive solo
mal;good running;24;pre buen pagador;privado;3621;hombre;no vive solo
mal;no;12;pre buen pagador;privado;741;mujer;vive solo
mal;no;12;pre buen pagador;privado;7865;hombre;no vive solo
buen;no;24;pre buen pagador;privado;2910;hombre;no vive solo
buen;no;18;pre buen pagador;profesional;5302;hombre;no vive solo
buen;no;36;pre buen pagador;privado;3620;hombre;no vive solo
buen;no;18;pre buen pagador;privado;3509;mujer;vive solo
buen;bad running;12;pre buen pagador;privado;3017;mujer;vive solo
buen;no;12;pre buen pagador;privado;1657;hombre;no vive solo
buen;no;8;pre buen pagador;profesional;1164;hombre;no vive solo
mal;no;36;pre buen pagador;privado;6229;mujer;vive solo
mal;no;24;pre mal pagador;profesional;1193;mujer;vive solo
buen;no;30;pre mal pagador;privado;4583;hombre;vive solo
buen;no;36;pre buen pagador;privado;5371;hombre;no vive solo
buen;no;12;pre buen pagador;privado;708;hombre;no vive solo
buen;no;21;pre buen pagador;profesional;571;hombre;no vive solo
buen;no;30;pre buen pagador;privado;2522;hombre;no vive solo
mal;no;36;pre buen pagador;privado;5179;hombre;no vive solo
mal;no;36;pre buen pagador;privado;8229;hombre;no vive solo
buen;good running;24;pre buen pagador;privado;2028;hombre;no vive solo
buen;no;6;pre buen pagador;profesional;1374;mujer;vive solo
buen;no;12;pre buen pagador;privado;1289;hombre;no vive solo
mal;no;36;pre buen pagador;privado;2712;hombre;no vive solo
buen;no;15;pre buen pagador;privado;975;hombre;vive solo
buen;bad running;6;pre buen pagador;privado;1050;hombre;no vive solo
buen;no;6;pre buen pagador;profesional;609;mujer;vive solo
buen;no;48;pre buen pagador;privado;4788;hombre;no vive solo
buen;bad running;24;pre buen pagador;privado;3069;hombre;no vive solo
mal;bad running;12;pre buen pagador;profesional;836;mujer;vive solo
buen;no;12;pre buen pagador;privado;2577;hombre;vive solo
buen;no;12;pre buen pagador;privado;1620;mujer;vive solo
buen;no;15;pre buen pagador;privado;1845;mujer;vive solo
buen;no;24;pre buen pagador;privado;6579;hombre;no vive solo
buen;no;12;pre buen pagador;profesional;1893;mujer;vive solo
buen;no;30;pre buen pagador;privado;10623;hombre;no vive solo
buen;no;18;pre buen pagador;profesional;2249;hombre;no vive solo
mal;no;30;pre buen pagador;privado;3108;hombre;vive solo
buen;bad running;12;pre buen pagador;profesional;958;hombre;no vive solo
buen;good running;24;pre buen pagador;privado;9277;hombre;vive solo
buen;good running;24;pre buen pagador;profesional;6314;hombre;no vive solo
buen;no;12;pre buen pagador;privado;1526;hombre;no vive solo
buen;no;12;pre buen pagador;privado;3590;hombre;no vive solo
buen;no;24;pre buen pagador;privado;6615;hombre;no vive solo
buen;no;6;pre buen pagador;privado;1872;hombre;no vive solo
buen;good running;12;pre buen pagador;profesional;2859;hombre;no vive solo
buen;good running;18;pre buen pagador;privado;1582;hombre;no vive solo
buen;good running;6;pre buen pagador;privado;1238;hombre;no vive solo
buen;no;12;pre buen pagador;privado;2578;mujer;vive solo
buen;no;15;pre buen pagador;privado;1433;mujer;vive solo
buen;no;42;pre buen pagador;privado;7882;hombre;no vive solo
buen;no;24;pre buen pagador;privado;4169;hombre;no vive solo
buen;no;36;pre buen pagador;privado;3959;hombre;no vive solo
buen;no;36;pre buen pagador;profesional;3249;hombre;no vive solo
buen;no;24;pre buen pagador;privado;3149;hombre;no vive solo
mal;no;12;pre buen pagador;privado;2246;hombre;no vive solo
buen;no;13;pre buen pagador;profesional;1797;hombre;no vive solo
buen;no;20;pre buen pagador;privado;4272;mujer;vive solo
buen;no;24;pre buen pagador;privado;2957;hombre;no vive solo
buen;no;36;pre buen pagador;privado;2348;mujer;no vive solo
buen;bad running;42;pre mal pagador;profesional;6289;hombre;vive solo
buen;no;24;pre buen pagador;privado;6419;mujer;vive solo
mal;no;48;pre buen pagador;privado;6143;mujer;vive solo
buen;good running;24;pre buen pagador;privado;1597;hombre;no vive solo
buen;no;36;pre buen pagador;profesional;15857;hombre;vive solo
buen;good running;24;pre buen pagador;privado;2223;hombre;no vive solo
buen;good running;48;pre buen pagador;privado;7238;hombre;no vive solo
buen;bad running;30;pre buen pagador;profesional;2503;hombre;no vive solo
buen;bad running;18;pre buen pagador;profesional;2622;hombre;no vive solo
buen;bad running;24;pre buen pagador;privado;4351;mujer;vive solo
buen;bad running;6;pre buen pagador;privado;368;hombre;no vive solo
buen;bad running;12;pre buen pagador;privado;754;hombre;no vive solo
buen;good running;24;pre buen pagador;privado;2424;hombre;no vive solo
buen;bad running;48;pre buen pagador;profesional;6681;hombre;no vive solo
buen;bad running;18;pre buen pagador;profesional;2427;hombre;no vive solo
mal;bad running;24;pre buen pagador;privado;1216;hombre;no vive solo
buen;bad running;6;pre buen pagador;privado;753;mujer;vive solo
buen;bad running;7;pre buen pagador;privado;2576;hombre;no vive solo
buen;bad running;6;pre buen pagador;privado;590;mujer;no vive solo
buen;bad running;8;pre buen pagador;privado;1414;hombre;no vive solo
buen;bad running;12;pre buen pagador;privado;1103;hombre;no vive solo
buen;bad running;12;pre buen pagador;privado;585;mujer;no vive solo
buen;bad running;6;pre buen pagador;privado;1068;hombre;no vive solo
buen;no;8;pre buen pagador;profesional;713;hombre;no vive solo
buen;bad running;12;pre buen pagador;privado;1092;mujer;vive solo
buen;bad running;7;pre buen pagador;privado;2329;mujer;vive solo
buen;bad running;13;pre buen pagador;privado;882;hombre;no vive solo
buen;bad running;18;pre buen pagador;privado;866;mujer;no vive solo
buen;bad running;7;pre buen pagador;privado;2415;hombre;no vive solo
buen;bad running;13;pre buen pagador;privado;2101;mujer;vive solo
buen;bad running;18;pre buen pagador;privado;1301;mujer;no vive solo
buen;bad running;18;pre buen pagador;privado;1113;mujer;vive solo
buen;bad running;8;pre buen pagador;privado;760;mujer;vive solo
buen;bad running;12;pre buen pagador;privado;625;mujer;no vive solo
buen;bad running;6;pre buen pagador;profesional;1323;hombre;vive solo
buen;no;9;pre buen pagador;privado;1138;hombre;no vive solo
buen;bad running;18;pre buen pagador;privado;1795;mujer;vive solo
buen;bad running;15;pre buen pagador;privado;2728;hombre;no vive solo
buen;bad running;6;pre buen pagador;privado;484;mujer;no vive solo
buen;bad running;10;pre mal pagador;privado;1048;hombre;no vive solo
buen;bad running;12;pre buen pagador;privado;1155;mujer;no vive solo
buen;bad running;20;pre buen pagador;privado;7057;hombre;no vive solo
buen;bad running;15;pre buen pagador;privado;1537;hombre;no vive solo
buen;no;12;pre buen pagador;privado;2214;hombre;no vive solo
buen;good running;24;pre buen pagador;privado;1585;hombre;no vive solo
buen;bad running;10;pre buen pagador;privado;1521;hombre;vive solo
buen;bad running;36;pre mal pagador;privado;3990;mujer;vive solo
buen;bad running;18;pre buen pagador;privado;3049;mujer;vive solo
mal;no;24;pre buen pagador;privado;1282;mujer;vive solo
buen;good running;60;pre buen pagador;privado;10144;mujer;vive solo
buen;no;12;pre buen pagador;profesional;1168;mujer;no vive solo
buen;bad running;6;pre buen pagador;privado;454;mujer;no vive solo
buen;good running;15;pre buen pagador;privado;3594;mujer;vive solo
buen;good running;12;pre buen pagador;privado;1768;hombre;no vive solo
buen;good running;60;pre buen pagador;privado;15653;hombre;no vive solo
buen;bad running;12;pre buen pagador;profesional;2247;mujer;vive solo
buen;good running;24;pre buen pagador;privado;1413;mujer;no vive solo
buen;bad running;45;pre buen pagador;privado;4576;hombre;no vive solo
buen;no;24;pre buen pagador;privado;1231;mujer;vive solo
mal;no;36;pre buen pagador;privado;8335;hombre;no vive solo
buen;bad running;36;pre buen pagador;privado;5800;hombre;no vive solo
buen;no;18;pre buen pagador;privado;8471;mujer;vive solo
buen;no;30;pre buen pagador;privado;3622;mujer;vive solo
buen;no;6;pre buen pagador;privado;1169;hombre;no vive solo
buen;good running;15;pre buen pagador;privado;1262;hombre;no vive solo
buen;bad running;24;pre buen pagador;privado;3617;hombre;no vive solo
buen;bad running;30;pre buen pagador;profesional;2181;hombre;no vive solo
mal;no;48;pre mal pagador;profesional;7685;mujer;vive solo
buen;good running;48;pre buen pagador;privado;6110;hombre;no vive solo
buen;good running;24;pre buen pagador;profesional;3757;mujer;vive solo
buen;no;42;pre buen pagador;privado;3394;hombre;no vive solo
buen;good running;36;pre buen pagador;profesional;6304;hombre;no vive solo
buen;good running;9;pre buen pagador;privado;1244;mujer;vive solo
buen;good running;6;pre buen pagador;profesional;3518;hombre;no vive solo
buen;good running;36;pre mal pagador;privado;2613;hombre;no vive solo
buen;no;48;pre buen pagador;privado;7476;hombre;no vive solo
mal;good running;24;pre buen pagador;profesional;4591;hombre;no vive solo
mal;bad running;18;pre buen pagador;privado;1924;mujer;vive solo
mal;bad running;72;pre buen pagador;privado;5595;mujer;no vive solo
mal;bad running;48;pre buen pagador;privado;6224;hombre;no vive solo
buen;bad running;15;pre buen pagador;privado;1905;hombre;no vive solo
buen;good running;21;pre buen pagador;privado;2993;hombre;no vive solo
buen;good running;36;pre buen pagador;privado;8947;hombre;no vive solo
buen;no;24;pre buen pagador;privado;4020;hombre;no vive solo
buen;bad running;18;pre buen pagador;privado;2779;mujer;no vive solo
buen;good running;21;pre buen pagador;profesional;2782;mujer;vive solo
buen;good running;12;pre buen pagador;profesional;1884;hombre;no vive solo
buen;good running;36;pre buen pagador;privado;11054;hombre;no vive solo
buen;bad running;60;pre buen pagador;privado;9157;hombre;no vive solo
buen;bad running;42;pre mal pagador;privado;9283;hombre;no vive solo
buen;good running;60;pre buen pagador;profesional;6527;hombre;no vive solo
buen;good running;15;pre buen pagador;privado;3368;hombre;no vive solo
buen;no;15;pre buen pagador;profesional;2511;mujer;vive solo
buen;no;36;pre buen pagador;privado;5493;hombre;no vive solo
buen;good running;6;pre buen pagador;privado;1338;hombre;vive solo
buen;bad running;9;pre buen pagador;privado;1082;hombre;no vive solo
buen;good running;18;pre buen pagador;privado;1149;hombre;no vive solo
buen;bad running;15;pre buen pagador;privado;1308;hombre;no vive solo
buen;bad running;20;pre mal pagador;privado;6148;mujer;no vive solo
buen;good running;12;pre buen pagador;privado;1736;mujer;vive solo
buen;good running;12;pre buen pagador;privado;3059;hombre;vive solo
mal;no;24;pre buen pagador;privado;2996;mujer;no vive solo
buen;good running;30;pre buen pagador;privado;7596;hombre;no vive solo
buen;good running;30;pre buen pagador;privado;4811;mujer;vive solo
buen;good running;6;pre buen pagador;privado;1766;mujer;no vive solo
buen;bad running;24;pre buen pagador;privado;2760;hombre;no vive solo
buen;good running;24;pre buen pagador;privado;5507;hombre;no vive solo
buen;bad running;9;pre buen pagador;privado;1199;mujer;vive solo
buen;bad running;24;pre buen pagador;privado;2892;hombre;vive solo
buen;bad running;36;pre buen pagador;profesional;2862;hombre;no vive solo
mal;no;9;pre buen pagador;profesional;654;hombre;no vive solo
mal;bad running;9;pre buen pagador;privado;1136;hombre;no vive solo
mal;bad running;24;pre buen pagador;privado;4113;mujer;vive solo
mal;bad running;6;pre buen pagador;profesional;14555;hombre;no vive solo
mal;no;15;pre mal pagador;profesional;950;hombre;no vive solo
mal;no;24;pre buen pagador;profesional;1199;hombre;no vive solo
mal;no;12;pre mal pagador;profesional;1082;hombre;no vive solo
mal;bad running;30;pre buen pagador;profesional;2150;mujer;vive solo
mal;bad running;36;pre buen pagador;profesional;2820;hombre;vive solo
mal;bad running;48;pre buen pagador;privado;3060;hombre;no vive solo
mal;no;18;pre buen pagador;privado;2600;hombre;no vive solo
mal;good running;21;pre mal pagador;profesional;5003;mujer;vive solo
mal;bad running;60;pre buen pagador;privado;6288;hombre;no vive solo
mal;good running;24;pre buen pagador;profesional;2538;hombre;no vive solo
mal;good running;9;pre buen pagador;privado;1478;hombre;no vive solo
mal;bad running;39;pre buen pagador;privado;4933;hombre;no vive solo
mal;good running;18;pre buen pagador;profesional;1530;hombre;no vive solo
mal;bad running;9;pre mal pagador;profesional;1437;hombre;no vive solo
mal;no;15;pre buen pagador;privado;1275;mujer;vive solo
mal;no;24;pre buen pagador;privado;1823;hombre;no vive solo
mal;no;9;pre buen pagador;profesional;1422;hombre;no vive solo
mal;no;18;pre buen pagador;privado;1217;mujer;no vive solo
mal;no;36;pre buen pagador;profesional;9271;hombre;no vive solo
mal;no;36;pre buen pagador;profesional;2145;hombre;no vive solo
mal;no;36;pre buen pagador;profesional;1842;mujer;vive solo
mal;bad running;18;pre buen pagador;privado;4297;hombre;vive solo
mal;no;6;pre buen pagador;privado;3384;hombre;vive solo
mal;bad running;18;pre buen pagador;privado;1245;mujer;no vive solo
mal;good running;15;pre buen pagador;privado;4623;hombre;no vive solo
mal;bad running;30;pre buen pagador;privado;8386;hombre;no vive solo
mal;no;24;pre buen pagador;privado;1024;mujer;no vive solo
mal;bad running;36;pre buen pagador;profesional;14318;hombre;no vive solo
mal;bad running;6;pre mal pagador;privado;433;mujer;vive solo
mal;no;12;pre mal pagador;privado;2149;hombre;vive solo
mal;good running;24;pre buen pagador;privado;2397;hombre;no vive solo
mal;bad running;6;pre mal pagador;profesional;931;mujer;vive solo
mal;bad running;15;pre buen pagador;privado;1512;mujer;no vive solo
mal;bad running;24;pre mal pagador;profesional;4241;hombre;no vive solo
mal;bad running;24;pre buen pagador;privado;4736;mujer;vive solo
mal;bad running;15;pre mal pagador;profesional;1778;mujer;vive solo
mal;bad running;15;pre buen pagador;privado;2327;mujer;vive solo
mal;no;24;pre mal pagador;privado;6872;hombre;vive solo
mal;no;12;pre buen pagador;privado;795;mujer;vive solo
mal;bad running;30;pre buen pagador;profesional;1908;hombre;no vive solo
mal;bad running;36;pre mal pagador;profesional;1953;hombre;no vive solo
mal;bad running;18;pre buen pagador;privado;2864;hombre;no vive solo
mal;bad running;21;pre buen pagador;privado;2319;hombre;vive solo
mal;no;24;pre buen pagador;profesional;915;mujer;vive solo
mal;bad running;24;pre buen pagador;profesional;947;hombre;no vive solo
mal;no;24;pre buen pagador;profesional;1381;mujer;vive solo
mal;no;24;pre buen pagador;profesional;1285;mujer;vive solo
mal;no;24;pre buen pagador;profesional;1371;mujer;vive solo
mal;bad running;18;pre buen pagador;profesional;1042;mujer;vive solo
mal;no;12;pre buen pagador;profesional;900;mujer;no vive solo
mal;no;24;pre buen pagador;profesional;1207;mujer;vive solo
mal;bad running;18;pre mal pagador;profesional;2278;mujer;vive solo
mal;no;60;pre buen pagador;profesional;6836;hombre;no vive solo
mal;no;24;pre buen pagador;privado;3345;hombre;no vive solo
mal;no;6;pre mal pagador;privado;1198;mujer;vive solo
mal;bad running;48;pre buen pagador;profesional;15672;hombre;no vive solo
mal;no;60;pre buen pagador;profesional;7297;hombre;no vive solo
mal;good running;18;pre buen pagador;privado;1943;mujer;vive solo
mal;no;18;pre buen pagador;privado;3190;mujer;vive solo
mal;bad running;9;pre mal pagador;privado;5129;mujer;vive solo
mal;good running;18;pre buen pagador;privado;1808;mujer;vive solo
mal;bad running;10;pre buen pagador;profesional;1240;mujer;vive solo
mal;no;12;pre buen pagador;profesional;759;hombre;no vive solo
mal;bad running;8;pre buen pagador;privado;1237;mujer;vive solo
mal;good running;9;pre buen pagador;privado;1980;mujer;vive solo
mal;bad running;48;pre buen pagador;privado;10961;hombre;no vive solo
mal;no;36;pre buen pagador;privado;6887;hombre;no vive solo
mal;no;24;pre buen pagador;privado;1938;hombre;vive solo
mal;no;21;pre buen pagador;privado;1835;mujer;vive solo
mal;no;24;pre buen pagador;privado;1659;mujer;vive solo
mal;bad running;6;pre buen pagador;profesional;1209;hombre;no vive solo
mal;bad running;48;pre mal pagador;profesional;3844;hombre;no vive solo
mal;no;12;pre buen pagador;profesional;4843;hombre;no vive solo
mal;bad running;12;pre buen pagador;privado;639;hombre;no vive solo
mal;bad running;48;pre buen pagador;privado;5951;mujer;vive solo
mal;bad running;36;pre mal pagador;privado;3804;mujer;vive solo
mal;good running;36;pre buen pagador;privado;4463;hombre;no vive solo
mal;good running;36;pre buen pagador;profesional;7980;hombre;no vive solo
mal;bad running;36;pre buen pagador;privado;4210;hombre;no vive solo
mal;good running;6;pre buen pagador;privado;4611;mujer;vive solo
mal;bad running;24;pre buen pagador;privado;11560;mujer;vive solo
mal;good running;18;pre mal pagador;profesional;4165;hombre;no vive solo
mal;bad running;24;pre buen pagador;privado;4057;hombre;vive solo
mal;good running;18;pre mal pagador;profesional;6458;hombre;no vive solo
mal;good running;12;pre buen pagador;profesional;1386;mujer;vive solo
mal;no;36;pre buen pagador;privado;1977;hombre;no vive solo
mal;bad running;18;pre buen pagador;privado;1928;hombre;no vive solo
mal;good running;12;pre buen pagador;privado;1123;mujer;vive solo
mal;bad running;24;pre buen pagador;profesional;11328;hombre;no vive solo
mal;bad running;24;pre buen pagador;profesional;11938;hombre;no vive solo
mal;bad running;27;pre buen pagador;privado;2520;hombre;no vive solo
mal;bad running;30;pre buen pagador;privado;1919;hombre;no vive solo
mal;bad running;60;pre mal pagador;profesional;14782;mujer;vive solo
mal;bad running;36;pre buen pagador;privado;2671;mujer;vive solo
mal;bad running;36;pre buen pagador;privado;12612;hombre;no vive solo
mal;bad running;45;pre buen pagador;privado;3031;hombre;no vive solo
mal;no;12;pre mal pagador;privado;626;mujer;vive solo
mal;bad running;24;pre buen pagador;profesional;1935;hombre;vive solo
mal;bad running;24;pre buen pagador;profesional;1344;hombre;no vive solo
mal;good running;18;pre buen pagador;privado;1533;mujer;no vive solo
mal;no;48;pre buen pagador;profesional;3931;hombre;no vive solo
mal;no;24;pre mal pagador;privado;3349;hombre;no vive solo
mal;no;36;pre buen pagador;privado;2302;hombre;vive solo
mal;no;42;pre buen pagador;privado;3965;hombre;no vive solo
mal;no;12;pre buen pagador;privado;727;mujer;no vive solo
mal;good running;48;pre buen pagador;profesional;3914;hombre;vive solo
mal;no;48;pre buen pagador;profesional;4308;mujer;vive solo
mal;bad running;12;pre buen pagador;privado;1534;mujer;no vive solo
mal;good running;18;pre buen pagador;profesional;2775;hombre;no vive solo
mal;no;40;pre buen pagador;privado;5998;hombre;no vive solo
mal;bad running;15;pre buen pagador;privado;1271;hombre;no vive solo
mal;bad running;12;pre buen pagador;profesional;1295;mujer;vive solo
mal;bad running;36;pre buen pagador;privado;9398;mujer;no vive solo
mal;bad running;12;pre buen pagador;privado;951;mujer;vive solo
mal;bad running;24;pre buen pagador;profesional;1355;mujer;vive solo
mal;no;48;pre buen pagador;privado;3051;hombre;no vive solo
mal;good running;36;pre buen pagador;profesional;7855;mujer;vive solo
mal;good running;18;pre buen pagador;privado;433;mujer;vive solo
mal;good running;36;pre buen pagador;profesional;9572;hombre;vive solo
mal;bad running;24;pre mal pagador;privado;1837;mujer;vive solo
mal;bad running;30;pre buen pagador;profesional;4249;mujer;no vive solo
mal;bad running;30;pre buen pagador;profesional;5234;mujer;no vive solo
mal;no;48;pre buen pagador;privado;6758;mujer;vive solo
mal;no;9;pre buen pagador;privado;1366;mujer;vive solo
mal;no;24;pre mal pagador;profesional;1358;hombre;no vive solo
mal;no;18;pre buen pagador;privado;2473;hombre;no vive solo
mal;bad running;9;pre mal pagador;privado;1337;hombre;no vive solo
mal;no;48;pre buen pagador;profesional;7763;hombre;no vive solo
mal;bad running;15;pre mal pagador;profesional;1264;mujer;no vive solo
mal;bad running;15;pre buen pagador;profesional;2631;mujer;vive solo
mal;bad running;48;pre buen pagador;profesional;6560;hombre;no vive solo
mal;no;24;pre buen pagador;profesional;3123;mujer;vive solo
mal;no;36;pre buen pagador;privado;8065;mujer;vive solo
mal;no;24;pre buen pagador;privado;2439;mujer;vive solo
mal;bad running;36;pre buen pagador;privado;9034;hombre;no vive solo
mal;bad running;60;pre buen pagador;profesional;14027;hombre;no vive solo
mal;no;36;pre buen pagador;privado;9629;hombre;no vive solo
mal;bad running;12;pre buen pagador;privado;1484;mujer;no vive solo
mal;no;18;pre buen pagador;privado;1131;mujer;vive solo
mal;bad running;24;pre buen pagador;privado;2064;mujer;vive solo
mal;bad running;18;pre buen pagador;privado;12976;mujer;vive solo
mal;good running;21;pre buen pagador;profesional;2580;hombre;no vive solo
mal;good running;27;pre buen pagador;profesional;2570;mujer;vive solo
mal;bad running;27;pre buen pagador;profesional;3915;hombre;no vive solo
mal;good running;10;pre buen pagador;profesional;1309;hombre;no vive solo
mal;no;24;pre buen pagador;profesional;4817;hombre;no vive solo
mal;no;12;pre buen pagador;profesional;2579;hombre;no vive solo
mal;bad running;36;pre buen pagador;profesional;2225;hombre;no vive solo
mal;no;18;pre buen pagador;privado;4153;hombre;no vive solo
mal;no;18;pre mal pagador;privado;3114;mujer;vive solo
mal;no;18;pre buen pagador;privado;2124;mujer;vive solo
mal;no;18;pre mal pagador;privado;1553;hombre;no vive solo
mal;no;30;pre buen pagador;privado;2406;mujer;vive solo
mal;no;24;pre buen pagador;profesional;1333;hombre;no vive solo
mal;no;48;pre mal pagador;privado;7119;hombre;no vive solo
mal;no;24;pre buen pagador;profesional;4870;hombre;no vive solo
mal;no;12;pre buen pagador;profesional;691;hombre;no vive solo
mal;no;42;pre buen pagador;privado;4370;hombre;no vive solo
mal;no;36;pre mal pagador;privado;2746;hombre;no vive solo
mal;no;24;pre mal pagador;privado;4110;hombre;no vive solo
mal;no;18;pre buen pagador;privado;2462;hombre;no vive solo
mal;no;12;pre buen pagador;privado;1282;mujer;vive solo
mal;bad running;12;pre mal pagador;privado;2969;mujer;vive solo
mal;no;48;pre mal pagador;privado;4605;hombre;no vive solo
mal;no;48;pre buen pagador;privado;6331;hombre;no vive solo
mal;no;24;pre mal pagador;privado;3552;hombre;no vive solo
mal;no;12;pre mal pagador;profesional;697;hombre;no vive solo
mal;no;24;pre buen pagador;profesional;1442;mujer;vive solo
mal;no;27;pre mal pagador;profesional;5293;hombre;no vive solo
mal;no;21;pre buen pagador;privado;3414;hombre;no vive solo
mal;no;18;pre buen pagador;privado;2039;mujer;vive solo
mal;no;24;pre mal pagador;profesional;3161;hombre;no vive solo
mal;no;12;pre buen pagador;privado;902;mujer;no vive solo
mal;no;48;pre buen pagador;privado;10297;hombre;no vive solo
mal;bad running;48;pre mal pagador;profesional;14421;hombre;no vive solo
mal;bad running;18;pre buen pagador;profesional;1056;hombre;no vive solo
mal;no;12;pre buen pagador;profesional;1274;mujer;vive solo
mal;bad running;12;pre buen pagador;profesional;1223;hombre;vive solo
mal;no;12;pre buen pagador;profesional;1372;hombre;vive solo
mal;no;16;pre buen pagador;profesional;2625;hombre;no vive solo
mal;no;20;pre buen pagador;profesional;2235;mujer;no vive solo
mal;bad running;9;pre buen pagador;privado;959;mujer;vive solo
mal;bad running;18;pre buen pagador;profesional;884;hombre;no vive solo
mal;bad running;24;pre buen pagador;profesional;1246;hombre;no vive solo
mal;bad running;36;pre buen pagador;profesional;8086;hombre;no vive solo
mal;good running;48;pre buen pagador;profesional;10127;hombre;no vive solo
mal;bad running;12;pre buen pagador;profesional;888;hombre;no vive solo
mal;good running;12;pre buen pagador;privado;719;hombre;no vive solo
mal;bad running;36;pre buen pagador;profesional;12389;hombre;no vive solo
mal;no;12;pre buen pagador;privado;709;hombre;no vive solo
mal;bad running;15;pre mal pagador;profesional;6850;hombre;no vive solo
mal;good running;10;pre buen pagador;privado;2210;hombre;no vive solo
mal;good running;30;pre mal pagador;privado;7485;mujer;vive solo
mal;no;18;pre mal pagador;profesional;1442;hombre;no vive solo
mal;good running;12;pre buen pagador;privado;797;mujer;vive solo
mal;bad running;45;pre buen pagador;privado;4746;hombre;no vive solo
mal;bad running;12;pre buen pagador;profesional;939;mujer;no vive solo
mal;bad running;21;pre buen pagador;profesional;1188;mujer;vive solo
mal;good running;48;pre buen pagador;privado;11590;mujer;vive solo
mal;bad running;12;pre mal pagador;profesional;609;mujer;vive solo
mal;no;18;pre buen pagador;privado;1190;mujer;vive solo
mal;bad running;21;pre buen pagador;profesional;2767;hombre;vive solo
mal;bad running;30;pre buen pagador;privado;3441;mujer;vive solo
mal;bad running;30;pre mal pagador;profesional;4280;mujer;vive solo
mal;bad running;24;pre buen pagador;privado;3092;mujer;no vive solo
mal;good running;18;pre buen pagador;profesional;6761;hombre;no vive solo
mal;bad running;12;pre buen pagador;privado;1331;hombre;no vive solo
mal;bad running;54;pre mal pagador;profesional;15945;hombre;no vive solo
mal;no;24;pre buen pagador;privado;3234;mujer;vive solo
mal;bad running;15;pre buen pagador;privado;802;hombre;no vive solo
mal;bad running;48;pre buen pagador;privado;9960;mujer;vive solo
mal;good running;24;pre buen pagador;profesional;8648;hombre;no vive solo
mal;no;18;pre buen pagador;privado;1345;mujer;no vive solo
mal;no;45;pre buen pagador;privado;1845;hombre;no vive solo
mal;no;21;pre mal pagador;profesional;1647;hombre;no vive solo
mal;good running;48;pre buen pagador;profesional;4844;hombre;no vive solo
mal;bad running;27;pre mal pagador;profesional;8318;mujer;vive solo
mal;bad running;18;pre buen pagador;privado;2100;hombre;no vive solo
mal;no;45;pre mal pagador;profesional;11816;hombre;no vive solo
mal;no;6;pre buen pagador;privado;448;mujer;vive solo
mal;no;30;pre buen pagador;privado;11998;hombre;vive solo
mal;bad running;48;pre mal pagador;profesional;18424;mujer;vive solo
mal;no;6;pre buen pagador;profesional;14896;hombre;no vive solo
mal;bad running;12;pre buen pagador;privado;2762;mujer;vive solo
mal;no;12;pre buen pagador;privado;3386;hombre;no vive solo
mal;bad running;24;pre buen pagador;privado;2039;mujer;no vive solo
mal;good running;18;pre buen pagador;profesional;2169;mujer;no vive solo
mal;bad running;48;pre buen pagador;privado;5096;mujer;vive solo
mal;no;18;pre buen pagador;privado;1882;mujer;vive solo
mal;no;48;pre buen pagador;privado;6999;mujer;no vive solo
mal;good running;12;pre buen pagador;profesional;2292;hombre;no vive solo
mal;no;14;pre buen pagador;profesional;8978;hombre;vive solo
mal;no;12;pre buen pagador;privado;674;mujer;no vive solo
mal;no;18;pre buen pagador;profesional;976;mujer;vive solo
mal;bad running;24;pre buen pagador;profesional;2718;mujer;vive solo
mal;no;18;pre buen pagador;privado;750;mujer;vive solo
mal;bad running;24;pre buen pagador;privado;12579;mujer;vive solo
mal;no;18;pre buen pagador;privado;7511;hombre;no vive solo
mal;no;18;pre buen pagador;profesional;3966;mujer;vive solo
mal;no;12;pre mal pagador;privado;6199;hombre;no vive solo
mal;no;24;pre buen pagador;privado;1987;hombre;no vive solo
mal;no;24;pre buen pagador;profesional;2303;hombre;no vive solo
mal;good running;21;pre buen pagador;profesional;12680;hombre;no vive solo
mal;bad running;12;pre buen pagador;privado;6468;hombre;no vive solo
mal;no;30;pre buen pagador;privado;6350;hombre;no vive solo
